<?xml version='1.0' encoding='UTF-8' ?>
<timeLogEntries>
  <time id="1" path="/TI1/PSP0/Planning" start="@1631674731744" delta="22" />
  <time id="2" path="/TI1/PSP0/Planning" start="@1632233663092" delta="45" comment="Defs de estructura de datos añadida con opción de implementación" />
  <time id="5" path="/TI1/PSP0/Planning" start="@1632266574695" delta="78" comment="Some early test designs" />
  <time id="6" path="/TI1/PSP0/Code" start="@1632455069995" delta="220" comment="Section 2 fully implemented" />
  <time id="7" path="/TI1/PSP0/Code" start="@1632545285901" delta="66" comment="Sorting fixes and bug fixes" />
  <time id="8" path="/TI1/PSP0/Test" start="@1632843892250" delta="45" comment="Initial design adjustments" />
  <time id="9" path="/TI1/PSP0/Test" start="@1632868553766" delta="153" comment="stack, queue and hashtable tests implemented" />
  <time id="10" path="/TI1/PSP0/Test" start="@1632883417174" delta="28" comment="tests refines" />
  <time id="12" path="/TI1/PSP0/Postmortem" start="@1632885683504" delta="7" />
  <time id="13" path="/TI2/PSP0/Design" start="@1635786772595" delta="40" interrupt="3" comment="Registro de información sobre árboles (recuperanco tiempo de clase en el que no tenía el computador)" />
</timeLogEntries>
