<?xml version='1.0' encoding='UTF-8' ?>
<timeLogEntries>
  <time id="14" path="/TI2/PSP0/Design" start="@1635801253516" delta="92" comment="Diesño de casos de prueba de ABB" flag="A" />
  <time id="15" path="/TI2/PSP0/Design" start="@1635822181508" delta="93" comment="Inicio diseño casos de prueba AVL" flag="A" />
  <time id="16" path="/TI2/PSP0/Design" start="@1635831004019" delta="39" comment="Finalización al 90% del diseño de pruebas" flag="A" />
  <time id="17" flag="D" />
  <time id="18" path="/TI2/PSP0/Code" start="@1635837650479" delta="148" comment="Programación de casos de prueba" flag="A" />
  <time id="19" path="/TI2/PSP0/Code" start="@1635846555365" delta="59" comment="Programación de casos de prueba y correccion de pequeños errores" flag="A" />
  <time id="20" path="/TI2/PSP0/Code" start="@1635853022094" delta="46" comment="Programación de casos de prueba" flag="A" />
  <time id="21" path="/TI2/PSP0/Test" start="@1635864232349" delta="3" flag="A" />
</timeLogEntries>
