<?xml version='1.0' encoding='UTF-8' ?>
<timeLogEntries>
  <time id="1" path="/T1_Julian_Bolaños/PSP0/Planning" start="@1631417173086" delta="47" />
  <time id="2" path="/T1_Julian_Bolaños/PSP0/Planning" start="@1631666414034" delta="150" />
  <time id="3" path="/T1_Julian_Bolaños/PSP0/Code" start="@1632034971460" delta="45" />
  <time id="4" path="/T1_Julian_Bolaños/PSP0/Planning" start="@1632115368087" delta="110" />
  <time id="5" path="/T1_Julian_Bolaños/PSP0/Planning" start="@1632339673060" delta="4" />
  <time id="6" path="/T1_Julian_Bolaños/PSP0/Code" start="@1632341752982" delta="91" />
  <time id="7" path="/T1_Julian_Bolaños/PSP0/Design" start="@1632347253245" delta="13" />
  <time id="8" path="/T1_Julian_Bolaños/PSP0/Design" start="@1632376729231" delta="73" />
  <time id="9" path="/T1_Julian_Bolaños/PSP0/Code" start="@1632455966324" delta="31" />
  <time id="10" path="/T1_Julian_Bolaños/PSP0/Design" start="@1632458748608" delta="105" />
  <time id="11" path="/T1_Julian_Bolaños/PSP0/Planning" start="@1632465170018" delta="9" />
  <time id="12" path="/T1_Julian_Bolaños/PSP0/Code" start="@1632465737737" delta="6" />
  <time id="13" path="/T1_Julian_Bolaños/PSP0/Code" start="@1632517712080" delta="60" />
  <time id="14" path="/T1_Julian_Bolaños/PSP0/Design" start="@1632521340807" delta="9" />
  <time id="15" path="/T1_Julian_Bolaños/PSP0/Planning" start="@1632526033691" delta="32" />
  <time id="16" path="/T1_Julian_Bolaños/PSP0/Code" start="@1632528011196" delta="330" />
  <time id="17" path="/T1_Julian_Bolaños/PSP0/Code" start="@1632547922949" delta="64" />
  <time id="18" path="/T1_Julian_Bolaños/PSP0/Code" start="@1632553062268" delta="27" />
  <time id="19" path="/T1_Julian_Bolaños/PSP0/Design" start="@1632864362875" delta="190" />
  <time id="20" path="/T1_Julian_Bolaños/PSP0/Code" start="@1632875743676" delta="57" />
  <time id="21" path="/T1_Julian_Bolaños/PSP0/Planning" start="@1632881835200" delta="52" />
  <time id="22" path="/T1_Julian_Bolaños/PSP0/Postmortem" start="@1632885240331" delta="14" />
  <time id="23" path="/T2_Julian_Bolaños/PSP0/Planning" start="@1634342113188" delta="67" />
  <time id="24" path="/T2_Julian_Bolaños/PSP0/Planning" start="@1634944760812" delta="100" />
  <time id="25" path="/T2_Julian_Bolaños/PSP0/Planning" start="@1635088874486" delta="18" />
  <time id="26" path="/T2_Julian_Bolaños/PSP0/Planning" start="@1635291712933" delta="166" />
  <time id="27" path="/T2_Julian_Bolaños/PSP0/Design" start="@1635301708031" delta="3" />
  <time id="28" path="/T2_Julian_Bolaños/PSP0/Code" start="@1635339057965" delta="56" />
  <time id="29" path="/T2_Julian_Bolaños/PSP0/Code" start="@1635511091207" delta="149" />
  <time id="30" path="/T2_Julian_Bolaños/PSP0/Code" start="@1635525647924" delta="252" />
  <time id="31" path="/T2_Julian_Bolaños/PSP0/Code" start="@1635629835873" delta="93" />
  <time id="32" path="/T2_Julian_Bolaños/PSP0/Code" start="@1635636897090" delta="69" />
  <time id="33" path="/T2_Julian_Bolaños/PSP0/Code" start="@1635641077854" delta="216" />
</timeLogEntries>
